"Id","Position","First Name","Nickname","Last Name","FPPG","Played","Salary","Game","Team","Opponent","Injury Indicator","Injury Details","",""
"17365-6779","RB","LeSean","","McCoy","19.09230745755709","13","9100","MIA@BUF","BUF","MIA","","","",""
"17365-6498","QB","Tom","","Brady","21.436000061035155","10","9000","NYJ@NE","NE","NYJ","","","",""
"17365-32384","WR","Mike","","Evans","15.849999564034599","14","8900","TB@NO","TB","NO","","","",""
"17365-62497","RB","David","","Johnson","23.59285627092634","14","8700","ARI@SEA","ARI","SEA","","","",""
"17365-28900","RB","Melvin","","Gordon","17.7000004695012","13","8600","SD@CLE","SD","CLE","Q","Hip","",""
"17365-6894","QB","Aaron","","Rodgers","22.54571533203125","14","8600","MIN@GB","GB","MIN","","","",""
"17365-6504","QB","Drew","","Brees","22.161429268973215","14","8500","TB@NO","NO","TB","","","",""
"17365-14190","WR","Julio","","Jones","15.941666920979818","12","8500","ATL@CAR","ATL","CAR","Q","Toe","",""
"17365-14254","RB","DeMarco","","Murray","18.42142813546317","14","8400","TEN@JAC","TEN","JAC","","","",""
"17365-21939","QB","Andrew","","Luck","21.11076941856971","13","8300","IND@OAK","IND","OAK","","","",""
"17365-7968","QB","Philip","","Rivers","17.37142835344587","14","8200","SD@CLE","SD","CLE","","","",""
"17365-6616","QB","Matt","","Ryan","21.78857203892299","14","8100","ATL@CAR","ATL","CAR","","","",""
"17365-45859","QB","Derek","","Carr","18.028570992606028","14","8100","IND@OAK","OAK","IND","","","",""
"17365-24849","QB","Jameis","","Winston","17.481428963797434","14","8000","TB@NO","TB","NO","","","",""
"17365-30447","RB","Todd","","Gurley","10.771428789411272","14","7900","SF@LA","LA","SF","","","",""
"17365-14185","QB","Cam","","Newton","18.638333638509113","12","7900","ATL@CAR","CAR","ATL","","","",""
"17365-24920","RB","Devonta","","Freeman","15.57857186453683","14","7800","ATL@CAR","ATL","CAR","","","",""
"17365-22038","QB","Kirk","","Cousins","19.869229830228366","13","7800","WAS@CHI","WAS","CHI","","","",""
"17365-29358","QB","Marcus","","Mariota","18.619999476841517","14","7800","TEN@JAC","TEN","JAC","","","",""
"17365-6893","WR","Jordy","","Nelson","15.335714067731585","14","7800","MIN@GB","GB","MIN","","","",""
"17365-22015","QB","Russell","","Wilson","16.552857535226003","14","7700","ARI@SEA","SEA","ARI","","","",""
"17365-22031","WR","T.Y.","","Hilton","14.37857164655413","14","7600","IND@OAK","IND","OAK","","","",""
"17365-14231","QB","Colin","","Kaepernick","18.344445122612846","9","7600","SF@LA","SF","LA","","","",""
"17365-14377","QB","Tyrod","","Taylor","17.554285321916854","14","7500","MIA@BUF","BUF","MIA","","","",""
"17365-14187","WR","A.J.","","Green","15.339999389648436","10","7400","CIN@HOU","CIN","HOU","Q","Hamstring","",""
"17365-14225","QB","Andy","","Dalton","17.248571123395646","14","7400","CIN@HOU","CIN","HOU","","","",""
"17365-34331","RB","Latavius","","Murray","15.216667175292968","12","7300","IND@OAK","OAK","IND","","","",""
"17365-42142","RB","Jordan","","Howard","14.523077157827524","13","7200","WAS@CHI","CHI","WAS","","","",""
"17365-31001","WR","Amari","","Cooper","12.057143075125557","14","7200","IND@OAK","OAK","IND","","","",""
"17365-11779","RB","LeGarrette","","Blount","14.37857164655413","14","7200","NYJ@NE","NE","NYJ","","","",""
"17365-28473","RB","Carlos","","Hyde","13.908332824707031","12","7100","SF@LA","SF","LA","","","",""
"17365-29501","WR","Brandin","","Cooks","14.73846200796274","13","7100","TB@NO","NO","TB","","","",""
"17365-14626","WR","Doug","","Baldwin","12.214285714285713","14","7000","ARI@SEA","SEA","ARI","","","",""
"17365-21970","RB","Doug","","Martin","9.8125","8","7000","TB@NO","TB","NO","","","",""
"17365-21980","WR","Alshon","","Jeffery","10.69000015258789","10","7000","WAS@CHI","CHI","WAS","","","",""
"17365-30298","TE","Jordan","","Reed","12.4","10","7000","WAS@CHI","WAS","CHI","","","",""
"17365-6748","QB","Carson","","Palmer","16.973846435546875","13","7000","ARI@SEA","ARI","SEA","","","",""
"17365-22037","RB","Lamar","","Miller","12.542857578822545","14","6900","CIN@HOU","HOU","CIN","Q","Ankle","",""
"17365-28573","WR","Michael","","Thomas","13.1000002347506","13","6900","TB@NO","NO","TB","","","",""
"17365-62535","WR","Tyrell","","Williams","11.285714285714286","14","6800","SD@CLE","SD","CLE","","","",""
"17365-31397","RB","Jeremy","","Hill","11.785714285714286","14","6800","CIN@HOU","CIN","HOU","","","",""
"17365-6914","TE","Greg","","Olsen","11.015384380634014","13","6800","ATL@CAR","CAR","ATL","","","",""
"17365-24929","WR","Kelvin","","Benjamin","10","13","6700","ATL@CAR","CAR","ATL","","","",""
"17365-7859","WR","Julian","","Edelman","10.157142639160156","14","6700","NYJ@NE","NE","NYJ","","","",""
"17365-6883","WR","Larry","","Fitzgerald","12.314285278320312","14","6700","ARI@SEA","ARI","SEA","","","",""
"17365-33557","TE","Tyler","","Eifert","10.487500190734863","8","6700","CIN@HOU","CIN","HOU","","","",""
"17365-46882","RB","Jay","","Ajayi","12.692307692307691","13","6700","MIA@BUF","MIA","BUF","","","",""
"17365-16606","WR","DeAndre","","Hopkins","9.771428789411272","14","6600","CIN@HOU","HOU","CIN","","","",""
"17365-7659","QB","Ryan","","Fitzpatrick","10.854999542236328","12","6600","NYJ@NE","NYJ","NE","","","",""
"17365-45889","WR","Davante","","Adams","12.62142835344587","14","6600","MIN@GB","GB","MIN","","","",""
"17365-6759","WR","Brandon","","Marshall","8.75","14","6500","NYJ@NE","NYJ","NE","","","",""
"17365-6808","QB","Matt","","Moore","13.15999984741211","2","6500","MIA@BUF","MIA","BUF","","","",""
"17365-31394","WR","Jarvis","","Landry","11.557143075125557","14","6500","MIA@BUF","MIA","BUF","","","",""
"17365-14320","RB","Bilal","","Powell","9.885713849748883","14","6500","NYJ@NE","NYJ","NE","","","",""
"17365-6703","RB","Adrian","","Peterson","2.5","3","6400","MIN@GB","MIN","GB","","","",""
"17365-6733","RB","Jonathan","","Stewart","10.85","10","6400","ATL@CAR","CAR","ATL","","","",""
"17365-6863","TE","Delanie","","Walker","10.753846388596754","13","6400","TEN@JAC","TEN","JAC","","","",""
"17365-6899","RB","Matt","","Forte","12.042857578822545","14","6400","NYJ@NE","NYJ","NE","","","",""
"17365-29734","RB","Ty","","Montgomery","8.06923088660607","13","6300","MIN@GB","GB","MIN","","","",""
"17365-25969","QB","Tom","","Savage","10.399999618530273","1","6300","CIN@HOU","HOU","CIN","","","",""
"17365-6739","WR","DeSean","","Jackson","9.966666539510091","12","6300","WAS@CHI","WAS","CHI","","","",""
"17365-14211","RB","Mark","","Ingram","12.335714067731585","14","6300","TB@NO","NO","TB","","","",""
"17365-29605","QB","Matt","","Barkley","12.344000244140625","5","6300","WAS@CHI","CHI","WAS","","","",""
"17365-9392","WR","Michael","","Crabtree","12.507143293108258","14","6200","IND@OAK","OAK","IND","","","",""
"17365-11512","TE","Jimmy","","Graham","9.792857578822545","14","6200","ARI@SEA","SEA","ARI","","","",""
"17365-6535","WR","Kenny","","Britt","11.442856924874442","14","6200","SF@LA","LA","SF","","","",""
"17365-28095","RB","Thomas","","Rawls","8.685714176722935","7","6200","ARI@SEA","SEA","ARI","","","",""
"17365-34308","QB","Blake","","Bortles","17.58999960763114","14","6200","TEN@JAC","JAC","TEN","","","",""
"17365-38435","QB","Jared","","Goff","9.872000122070312","5","6200","SF@LA","LA","SF","Q","Concussion","",""
"17365-27776","RB","Tevin","","Coleman","12.836363358931107","11","6100","ATL@CAR","ATL","CAR","","","",""
"17365-31874","RB","Kenneth","","Farrow","2.5555555555555553","9","6100","SD@CLE","SD","CLE","","","",""
"17365-11414","QB","Sam","","Bradford","13.63076899601863","13","6100","MIN@GB","MIN","GB","","","",""
"17365-21941","QB","Robert","","Griffin III","13.733333587646484","3","6100","SD@CLE","CLE","SD","","","",""
"17365-25079","WR","Stefon","","Diggs","11.699999491373697","12","6100","MIN@GB","MIN","GB","","","",""
"17365-30428","WR","Malcolm","","Mitchell","6.881817904385653","11","6100","NYJ@NE","NE","NYJ","","","",""
"17365-15212","WR","Terrelle","","Pryor Sr.","11.210000174386161","14","6100","SD@CLE","CLE","SD","Q","Finger","",""
"17365-29715","QB","Kevin","","Hogan","6.21999994913737","3","6000","SD@CLE","CLE","SD","","","",""
"17365-31798","QB","Bryce","","Petty","8.05199966430664","5","6000","NYJ@NE","NYJ","NE","Q","Chest","",""
"17365-24641","WR","Sammy","","Watkins","6.5","6","6000","MIA@BUF","BUF","MIA","","","",""
"17365-24755","WR","Jamison","","Crowder","12.169230534480167","13","6000","WAS@CHI","WAS","CHI","","","",""
"17365-25812","QB","Stephen","","Morris","0","0","6000","IND@OAK","IND","OAK","","","",""
"17365-54604","QB","Jimmy","","Garoppolo","8.859999656677246","4","6000","NYJ@NE","NE","NYJ","","","",""
"17365-14696","QB","Scott","","Tolzien","5.46999979019165","2","6000","IND@OAK","IND","OAK","","","",""
"17365-44449","WR","Willie","","Snead","10.976922842172475","13","6000","TB@NO","NO","TB","","","",""
"17365-21948","QB","Ryan","","Tannehill","15.553845919095552","13","6000","MIA@BUF","MIA","BUF","O","Knee","",""
"17365-21959","QB","Brandon","","Weeden","11.403333028157552","6","6000","CIN@HOU","HOU","CIN","","","",""
"17365-22994","QB","Case","","Keenum","12.213999938964843","10","6000","SF@LA","LA","SF","","","",""
"17365-21994","QB","Brock","","Osweiler","11.732856750488281","14","6000","CIN@HOU","HOU","CIN","","","",""
"17365-33260","WR","DeVante","","Parker","7.915384732759916","13","6000","MIA@BUF","MIA","BUF","","","",""
"17365-6679","QB","Matt","","Schaub","0.14666666587193808","3","6000","ATL@CAR","ATL","CAR","","","",""
"17365-30231","QB","Jacoby","","Brissett","9.433333079020181","3","6000","NYJ@NE","NE","NYJ","IR","Thumb","",""
"17365-7744","QB","Drew","","Stanton","3.265000104904175","4","6000","ARI@SEA","ARI","SEA","","","",""
"17365-7778","QB","Matt","","Cassel","0.25","2","6000","TEN@JAC","TEN","JAC","","","",""
"17365-6803","QB","Josh","","McCown","11.61999969482422","5","6000","SD@CLE","CLE","SD","","","",""
"17365-6840","RB","Frank","","Gore","12.835714067731585","14","6000","IND@OAK","IND","OAK","","","",""
"17365-6844","QB","Shaun","","Hill","5.239999771118164","2","6000","MIN@GB","MIN","GB","","","",""
"17365-7872","QB","Brian","","Hoyer","13.266666412353515","6","6000","WAS@CHI","CHI","WAS","IR","Forearm","",""
"17365-32514","QB","Trevone","","Boykin","2.1733333269755044","3","6000","ARI@SEA","SEA","ARI","","","",""
"17365-7970","QB","Charlie","","Whitehurst","10.380000114440918","1","6000","SD@CLE","CLE","SD","","","",""
"17365-25410","QB","Mike","","Glennon","9","1","6000","TB@NO","TB","NO","","","",""
"17365-28515","QB","Cardale","","Jones","0","0","6000","MIA@BUF","BUF","MIA","","","",""
"17365-14194","QB","Blaine","","Gabbert","13.199999491373697","6","6000","SF@LA","SF","LA","","","",""
"17365-29587","QB","Cody","","Kessler","9.819999694824218","8","6000","SD@CLE","CLE","SD","","","",""
"17365-14237","TE","Kyle","","Rudolph","9.714285714285713","14","6000","MIN@GB","MIN","GB","","","",""
"17365-31047","QB","AJ","","McCarron","8.17999976021903","7","5900","CIN@HOU","CIN","HOU","","","",""
"17365-54753","WR","Taylor","","Gabriel","10.863636363636363","11","5900","ATL@CAR","ATL","CAR","","","",""
"17365-31561","WR","Donte","","Moncrief","9.699999809265136","8","5900","IND@OAK","IND","OAK","Q","Hamstring","",""
"17365-29593","WR","Marqise","","Lee","8.521428789411272","14","5900","TEN@JAC","JAC","TEN","","","",""
"17365-11495","WR","Brandon","","LaFell","8.700000217982701","14","5800","CIN@HOU","CIN","HOU","","","",""
"17365-33766","RB","Rob","","Kelley","9.145454406738281","11","5800","WAS@CHI","WAS","CHI","","","",""
"17365-54684","RB","Isaiah","","Crowell","10.642857142857142","14","5700","SD@CLE","CLE","SD","","","",""
"17365-22163","WR","Rishard","","Matthews","10.464285714285713","14","5700","TEN@JAC","TEN","JAC","","","",""
"17365-39716","WR","Adam","","Thielen","8.635714394705635","14","5700","MIN@GB","MIN","GB","Q","Neck","",""
"17365-6448","TE","Martellus","","Bennett","8.635714394705635","14","5600","NYJ@NE","NE","NYJ","","","",""
"17365-14645","WR","Dontrelle","","Inman","8.642857142857142","14","5600","SD@CLE","SD","CLE","","","",""
"17365-54782","TE","Cameron","","Brate","9.62857164655413","14","5600","TB@NO","TB","NO","","","",""
"17365-14257","WR","Randall","","Cobb","9.1000002347506","13","5600","MIN@GB","GB","MIN","","","",""
"17365-28643","WR","Allen","","Robinson","9.492856706891741","14","5600","TEN@JAC","JAC","TEN","","","",""
"17365-28677","QB","Matt","","McGloin","0","1","5500","IND@OAK","OAK","IND","","","",""
"17365-62538","WR","Cameron","","Meredith","9.191666920979818","12","5500","WAS@CHI","CHI","WAS","","","",""
"17365-11500","QB","Colt","","McCoy","8.819999694824218","1","5500","WAS@CHI","WAS","CHI","","","",""
"17365-6774","WR","Pierre","","Garcon","9.792307927058292","13","5500","WAS@CHI","WAS","CHI","","","",""
"17365-26251","WR","Robby","","Anderson","7.299999872843425","12","5500","NYJ@NE","NYJ","NE","","","",""
"17365-7844","QB","Chad","","Henne","-0.20000000298023224","1","5500","TEN@JAC","JAC","TEN","","","",""
"17365-6828","RB","Tim","","Hightower","7.314285823277065","14","5500","TB@NO","NO","TB","","","",""
"17365-32243","WR","Marquise","","Goodwin","6.016666412353516","12","5400","MIA@BUF","BUF","MIA","","","",""
"17365-7965","TE","Antonio","","Gates","7.990909229625355","11","5400","SD@CLE","SD","CLE","","","",""
"17365-40845","TE","Hunter","","Henry","8.291666666666666","12","5400","SD@CLE","SD","CLE","","","",""
"17365-54608","RB","Jerick","","McKinnon","7.030769348144531","13","5300","MIN@GB","MIN","GB","","","",""
"17365-14704","WR","Chris","","Hogan","7.884615384615385","13","5300","NYJ@NE","NE","NYJ","","","",""
"17365-39280","RB","Derrick","","Henry","6.783333460489909","12","5300","TEN@JAC","TEN","JAC","","","",""
"17365-30108","WR","Marquess","","Wilson","8.833333333333334","3","5300","WAS@CHI","CHI","WAS","IR","Foot","",""
"17365-22048","RB","Robert","","Turbin","5.776922959547776","13","5300","IND@OAK","IND","OAK","","","",""
"17365-40669","WR","Tyler","","Boyd","6.228571210588727","14","5300","CIN@HOU","CIN","HOU","","","",""
"17365-31061","RB","T.J.","","Yeldon","8.014285496303014","14","5200","TEN@JAC","JAC","TEN","","","",""
"17365-10647","K","Matt","","Bryant","10.785714285714286","14","5200","ATL@CAR","ATL","CAR","","","",""
"17365-22004","TE","Dwayne","","Allen","6.716666539510091","12","5200","IND@OAK","IND","OAK","","","",""
"17365-22018","WR","Mohamed","","Sanu","7.769230769230769","13","5200","ATL@CAR","ATL","CAR","","","",""
"17365-11864","RB","Chris","","Ivory","6.709999847412109","10","5200","TEN@JAC","JAC","TEN","","","",""
"17365-14198","QB","Christian","","Ponder","0","0","5200","SF@LA","SF","LA","","","",""
"17365-14339","RB","Dion","","Lewis","6.759999847412109","5","5100","NYJ@NE","NE","NYJ","","","",""
"17365-30775","WR","Justin","","Hunter","5.125","8","5100","MIA@BUF","BUF","MIA","","","",""
"17365-11609","RB","James","","Starks","5.488889058430989","9","5100","MIN@GB","GB","MIN","Q","Concussion","",""
"17365-14757","RB","Matt","","Asiata","7.328571319580078","14","5100","MIN@GB","MIN","GB","","","",""
"17365-28144","TE","Dion","","Sims","5.509090770374645","11","5100","MIA@BUF","MIA","BUF","","","",""
"17365-6668","K","Adam","","Vinatieri","9.714285714285713","14","5100","IND@OAK","IND","OAK","","","",""
"17365-30237","RB","Mike","","Gillislee","7.738461421086238","13","5100","MIA@BUF","BUF","MIA","","","",""
"17365-32418","RB","Christine","","Michael","9.453846271221454","13","5100","MIN@GB","GB","MIN","","","",""
"17365-27457","WR","Kenny","","Stills","8.892857142857142","14","5100","MIA@BUF","MIA","BUF","","","",""
"17365-31732","WR","Corey","","Coleman","8.362500190734863","8","5100","SD@CLE","CLE","SD","","","",""
"17365-29685","WR","Robert","","Woods","7.390909368341619","11","5100","MIA@BUF","BUF","MIA","","","",""
"17365-42028","WR","Will","","Fuller V","7.950000127156575","12","5000","CIN@HOU","HOU","CIN","","","",""
"17365-53331","QB","Taylor","","Heinicke","0","0","5000","MIN@GB","MIN","GB","","","",""
"17365-27801","QB","Nate","","Sudfeld","0","0","5000","WAS@CHI","WAS","CHI","NA","Coach's decision","",""
"17365-29915","QB","Brett","","Hundley","-0.17333332697550455","3","5000","MIN@GB","GB","MIN","","","",""
"17365-6373","QB","Derek","","Anderson","5.380000114440918","4","5000","ATL@CAR","CAR","ATL","","","",""
"17365-12541","D","New England","","Patriots","7.642857142857143","14","5000","NYJ@NE","NE","NYJ","","","",""
"17365-26877","QB","Jake","","Heaps","0","0","5000","ARI@SEA","SEA","ARI","","","",""
"17365-12550","D","Seattle","","Seahawks","7.714285714285714","14","5000","ARI@SEA","SEA","ARI","","","",""
"17365-11615","QB","Joe","","Webb","0.1600000023841858","5","5000","ATL@CAR","CAR","ATL","","","",""
"17365-34154","WR","J.J.","","Nelson","7.658333460489909","12","5000","ARI@SEA","ARI","SEA","","","",""
"17365-24949","QB","EJ","","Manuel","1.2999999523162841","4","5000","MIA@BUF","BUF","MIA","","","",""
"17365-47523","WR","Tajae","","Sharpe","5.607142857142857","14","5000","TEN@JAC","TEN","JAC","","","",""
"17365-31170","QB","Brandon","","Allen","0","0","5000","TEN@JAC","JAC","TEN","","","",""
"17365-44500","QB","Keith","","Wenning","0","0","5000","CIN@HOU","CIN","HOU","","","",""
"17365-70127","QB","Griffin","","Neal","0","0","5000","TB@NO","NO","TB","","","",""
"17365-28163","QB","Connor","","Cook","0","0","5000","IND@OAK","OAK","IND","","","",""
"17365-23075","QB","Alex","","Tanney","7.960000038146973","1","5000","TEN@JAC","TEN","JAC","","","",""
"17365-30253","QB","Jeff","","Driskel","0","0","5000","CIN@HOU","CIN","HOU","","","",""
"17365-7761","TE","Jared","","Cook","5.487500190734863","8","5000","MIN@GB","GB","MIN","","","",""
"17365-7831","K","Sebastian","","Janikowski","9.785714285714286","14","5000","IND@OAK","OAK","IND","","","",""
"17365-34459","QB","B.J.","","Daniels","0.9200000166893005","4","5000","ATL@CAR","ATL","CAR","","","",""
"17365-47772","QB","Brandon","","Doughty","0","0","5000","MIA@BUF","MIA","BUF","","","",""
"17365-45797","QB","Garrett","","Grayson","0","1","5000","TB@NO","NO","TB","","","",""
"17365-7919","QB","Kellen","","Clemens","-0.10000000149011612","1","5000","SD@CLE","SD","CLE","","","",""
"17365-26355","QB","Logan","","Thomas","0","0","5000","MIA@BUF","BUF","MIA","","","",""
"17365-41732","QB","Christian","","Hackenberg","0","0","5000","NYJ@NE","NYJ","NE","","","",""
"17365-29445","QB","Sean","","Mannion","1.2400000095367431","1","5000","SF@LA","LA","SF","","","",""
"17365-70446","QB","Joe","","Callahan","0","0","5000","MIN@GB","GB","MIN","","","",""
"17365-70464","QB","Josh","","Woodrum","0","0","5000","WAS@CHI","CHI","WAS","","","",""
"17365-8051","QB","Luke","","McCown","6.199999809265137","2","5000","TB@NO","NO","TB","","","",""
"17365-33702","QB","Ryan","","Griffin","0","0","5000","TB@NO","TB","NO","","","",""
"17365-43956","QB","David","","Fales","0","0","5000","WAS@CHI","CHI","WAS","","","",""
"17365-14336","RB","Jacquizz","","Rodgers","7.637499809265137","8","4900","TB@NO","TB","NO","","","",""
"17365-14349","WR","Jeremy","","Kerley","6.921428680419922","14","4900","SF@LA","SF","LA","","","",""
"17365-30733","WR","Cordarrelle","","Patterson","6.2071429661342075","14","4900","MIN@GB","MIN","GB","","","",""
"17365-12534","D","Tennessee","","Titans","5.857142857142857","14","4900","TEN@JAC","TEN","JAC","","","",""
"17365-12538","D","Los Angeles","","Rams","5.857142857142857","14","4900","SF@LA","LA","SF","","","",""
"17365-12548","D","San Diego","","Chargers","7.5","14","4900","SD@CLE","SD","CLE","","","",""
"17365-27908","TE","C.J.","","Fiedorowicz","7.115384615384615","13","4900","CIN@HOU","HOU","CIN","Q","Concussion","",""
"17365-24891","RB","Chris","","Thompson","7.1923076923076925","13","4900","WAS@CHI","WAS","CHI","","","",""
"17365-54606","WR","John","","Brown","6.583333333333333","12","4900","ARI@SEA","ARI","SEA","","","",""
"17365-33137","WR","Justin","","Hardy","3.8636363636363637","11","4900","ATL@CAR","ATL","CAR","","","",""
"17365-28202","RB","Jeremy","","Langford","4.8700000762939455","10","4900","WAS@CHI","CHI","WAS","","","",""
"17365-6704","WR","Percy","","Harvin","2.700000047683716","1","4900","MIA@BUF","BUF","MIA","O","Migraine","",""
"17365-31406","RB","Alfred","","Blue","2.7916666666666665","12","4900","CIN@HOU","HOU","CIN","","","",""
"17365-33578","RB","Jalen","","Richard","6.092857360839844","14","4900","IND@OAK","OAK","IND","","","",""
"17365-29725","TE","Levine","","Toilolo","3.736363497647372","11","4800","ATL@CAR","ATL","CAR","","","",""
"17365-31871","RB","Charles","","Sims","8.283333460489908","6","4800","TB@NO","TB","NO","","","",""
"17365-22754","TE","Garrett","","Celek","4.745454614812678","11","4800","SF@LA","SF","LA","","","",""
"17365-12528","D","Cincinnati","","Bengals","5.5","14","4800","CIN@HOU","CIN","HOU","","","",""
"17365-48380","K","Wil","","Lutz","9","14","4800","TB@NO","NO","TB","","","",""
"17365-12552","D","Washington","","Redskins","6","13","4800","WAS@CHI","WAS","CHI","","","",""
"17365-28080","WR","Devin","","Funchess","6.099999745686849","12","4800","ATL@CAR","CAR","ATL","","","",""
"17365-6627","WR","Ted","","Ginn Jr.","7.838461655836839","13","4800","ATL@CAR","CAR","ATL","","","",""
"17365-22035","WR","Travis","","Benjamin","7.684615501990685","13","4800","SD@CLE","SD","CLE","","","",""
"17365-6724","K","Steven","","Hauschka","8.571428571428571","14","4800","ARI@SEA","SEA","ARI","","","",""
"17365-7900","K","Stephen","","Gostkowski","8.5","14","4800","NYJ@NE","NE","NYJ","","","",""
"17365-6897","K","Mason","","Crosby","8.071428571428571","14","4800","MIN@GB","GB","MIN","","","",""
"17365-12090","K","Nick","","Novak","10","13","4800","CIN@HOU","HOU","CIN","","","",""
"17365-14317","TE","Julius","","Thomas","7.4555553860134545","9","4800","TEN@JAC","JAC","TEN","IR","Back","",""
"17365-25837","RB","Duke","","Johnson Jr.","7.9571429661342075","14","4700","SD@CLE","CLE","SD","","","",""
"17365-12537","D","Oakland","","Raiders","6.214285714285714","14","4700","IND@OAK","OAK","IND","","","",""
"17365-24912","K","Dustin","","Hopkins","9.692307692307691","13","4700","WAS@CHI","WAS","CHI","","","",""
"17365-52560","WR","Geronimo","","Allison","2.5","5","4700","MIN@GB","GB","MIN","","","",""
"17365-27050","WR","Tyler","","Lockett","7.057143075125558","14","4700","ARI@SEA","SEA","ARI","","","",""
"17365-21952","WR","Michael","","Floyd","7.091666539510091","12","4700","NYJ@NE","NE","NYJ","","","",""
"17365-21971","TE","Coby","","Fleener","7.357142857142857","14","4700","TB@NO","NO","TB","","","",""
"17365-10744","K","Graham","","Gano","8.384615384615385","13","4700","ATL@CAR","CAR","ATL","","","",""
"17365-6768","WR","Eddie","","Royal","7.933333502875434","9","4700","WAS@CHI","CHI","WAS","IR","Toe","",""
"17365-6870","TE","Vernon","","Davis","6.691666920979817","12","4700","WAS@CHI","WAS","CHI","","","",""
"17365-22336","WR","Joshua","","Bellamy","4","11","4700","WAS@CHI","CHI","WAS","","","",""
"17365-26458","WR","Tavon","","Austin","8.13846177321214","13","4700","SF@LA","LA","SF","","","",""
"17365-24671","WR","Adam","","Humphries","6.876923194298377","13","4600","TB@NO","TB","NO","","","",""
"17365-12526","D","Buffalo","","Bills","7.357142857142857","14","4600","MIA@BUF","BUF","MIA","","","",""
"17365-12533","D","Green Bay","","Packers","6.357142857142857","14","4600","MIN@GB","GB","MIN","","","",""
"17365-12549","D","San Francisco","","49ers","3.642857142857143","14","4600","SF@LA","SF","LA","","","",""
"17365-54741","WR","Seth","","Roberts","6.328571319580078","14","4600","IND@OAK","OAK","IND","","","",""
"17365-26094","WR","Brandon","","Coleman","4.816666603088379","12","4600","TB@NO","NO","TB","","","",""
"17365-16923","TE","Austin","","Seferian-Jenkins","3.2125000953674316","8","4600","NYJ@NE","NYJ","NE","","","",""
"17365-22109","K","Greg","","Zuerlein","6","13","4600","SF@LA","LA","SF","","","",""
"17365-27266","WR","Quincy","","Enunwa","8.89999989100865","14","4600","NYJ@NE","NYJ","NE","","","",""
"17365-6810","K","Dan","","Carpenter","6.571428571428571","14","4600","MIA@BUF","BUF","MIA","","","",""
"17365-22219","WR","Jermaine","","Kearse","4.314285823277065","14","4600","ARI@SEA","SEA","ARI","","","",""
"17365-28525","WR","Braxton","","Miller","2.339999961853027","10","4600","CIN@HOU","HOU","CIN","IR","Shoulder","",""
"17365-14240","TE","Lance","","Kendricks","5.5428570338657925","14","4600","SF@LA","LA","SF","","","",""
"17365-24569","K","Chandler","","Catanzaro","6.5","14","4600","ARI@SEA","ARI","SEA","","","",""
"17365-57348","RB","Glenn","","Winston","-2.799999952316284","1","4500","SD@CLE","CLE","SD","IR","Shoulder","",""
"17365-46088","RB","Jhurell","","Pressley","0","0","4500","ATL@CAR","ATL","CAR","","","",""
"17365-54280","WR","Duke","","Williams","0","0","4500","SF@LA","LA","SF","","","",""
"17365-14348","TE","Lee","","Smith","1.9666666984558105","3","4500","IND@OAK","OAK","IND","IR","Ankle","",""
"17365-24589","WR","Jaron","","Brown","5.033333460489909","6","4500","ARI@SEA","ARI","SEA","IR","Knee","",""
"17365-12305","RB","Will","","Tukuafu","0.06666666766007741","3","4500","ARI@SEA","SEA","ARI","IR","Concussion","",""
"17365-14355","TE","Niles","","Paul","1.850000023841858","2","4500","WAS@CHI","WAS","CHI","IR","Shoulder","",""
"17365-14362","TE","Charles","","Clay","6.13076899601863","13","4500","MIA@BUF","BUF","MIA","","","",""
"17365-29723","RB","Stepfan","","Taylor","0.6000000238418579","2","4500","ARI@SEA","ARI","SEA","","","",""
"17365-14369","RB","Jordan","","Todman","1.0818181471391157","11","4500","IND@OAK","IND","OAK","","","",""
"17365-14372","WR","Aldrick","","Robinson","4.3363637057217685","11","4500","ATL@CAR","ATL","CAR","","","",""
"17365-62505","TE","MyCole","","Pruitt","1.2000000476837158","1","4500","WAS@CHI","CHI","WAS","","","",""
"17365-27692","RB","Josh","","Ferguson","2.133333365122477","12","4500","IND@OAK","IND","OAK","","","",""
"17365-24621","WR","Charone","","Peake","3.077777862548828","9","4500","NYJ@NE","NYJ","NE","","","",""
"17365-33840","WR","Keyarris","","Garrett","0","0","4500","ATL@CAR","CAR","ATL","","","",""
"17365-28721","RB","Brandon","","Cottom","0","0","4500","ARI@SEA","SEA","ARI","IR","Achilles","",""
"17365-62515","TE","Neal","","Sterling","3.4","5","4500","TEN@JAC","JAC","TEN","Q","Concussion","",""
"17365-28735","WR","Daniel","","Anthrop","0","0","4500","IND@OAK","IND","OAK","","","",""
"17365-14406","RB","Bruce","","Miller","2.589999961853027","10","4500","SF@LA","SF","LA","","","",""
"17365-28744","RB","Raheem","","Mostert","-0.25","8","4500","SF@LA","SF","LA","","","",""
"17365-29768","RB","Patrick","","Skov","0","0","4500","SD@CLE","CLE","SD","","","",""
"17365-7244","RB","John","","Kuhn","3.933333396911621","12","4500","TB@NO","NO","TB","","","",""
"17365-62544","RB","Brandon","","Wegher","0","1","4500","ATL@CAR","CAR","ATL","","","",""
"17365-30807","TE","Mychal","","Rivera","3.5888888041178384","9","4500","IND@OAK","OAK","IND","","","",""
"17365-25694","RB","Andre","","Williams","2.1812500953674316","16","4500","SD@CLE","SD","CLE","","","",""
"17365-48224","TE","Wes","","Saxton","0","1","4500","WAS@CHI","WAS","CHI","","","",""
"17365-24682","RB","Andre","","Ellington","1.5769230769230768","13","4500","ARI@SEA","ARI","SEA","","","",""
"17365-29805","RB","Ryan","","Hewitt","1","1","4500","CIN@HOU","CIN","HOU","","","",""
"17365-10354","RB","Marcel","","Reece","3.0999999046325683","2","4500","ARI@SEA","SEA","ARI","","","",""
"17365-29821","WR","Jordan","","Payton","0.4000000059604645","2","4500","SD@CLE","CLE","SD","O","Suspension","",""
"17365-29830","WR","Shaq","","Evans","0","0","4500","NYJ@NE","NE","NYJ","","","",""
"17365-28807","TE","Gabe","","Holmes","0","0","4500","IND@OAK","OAK","IND","IR","Ankle","",""
"17365-62600","WR","Joshua","","Stangby","0","0","4500","IND@OAK","IND","OAK","","","",""
"17365-28815","RB","Akeem","","Hunt","1.816666603088379","6","4500","CIN@HOU","HOU","CIN","","","",""
"17365-24720","TE","Braxton","","Deaver","0","0","4500","ATL@CAR","CAR","ATL","","","",""
"17365-11419","RB","C.J.","","Spiller","2.633333365122477","6","4500","NYJ@NE","NYJ","NE","","","",""
"17365-62619","K","Andrew","","Franks","5.571428571428571","14","4500","MIA@BUF","MIA","BUF","","","",""
"17365-29854","TE","Kevin","","McDermott","0","16","4500","MIN@GB","MIN","GB","","","",""
"17365-62623","RB","John","","Crockett","1.0499999523162841","2","4500","MIN@GB","GB","MIN","IR","Shoulder","",""
"17365-25760","WR","Allen","","Hurns","7.563636086203835","11","4500","TEN@JAC","JAC","TEN","Q","Hamstring","",""
"17365-62628","WR","DeAndre","","Carter","0","0","4500","NYJ@NE","NE","NYJ","","","",""
"17365-11431","TE","Jermaine","","Gresham","4.614285605294364","14","4500","ARI@SEA","ARI","SEA","","","",""
"17365-62631","RB","Gus","","Johnson","0","0","4500","ATL@CAR","ATL","CAR","","","",""
"17365-62633","TE","Matt","","Lengel","0","0","4500","NYJ@NE","NE","NYJ","","","",""
"17365-25775","TE","Clive","","Walford","4.553846212533804","13","4500","IND@OAK","OAK","IND","","","",""
"17365-33978","RB","Devon","","Johnson","0","0","4500","ATL@CAR","CAR","ATL","IR","Undisclosed","",""
"17365-25789","WR","Rashawn","","Scott","0","0","4500","MIA@BUF","MIA","BUF","","","",""
"17365-32957","TE","Eric","","Tomlinson","0","0","4500","NYJ@NE","NYJ","NE","","","",""
"17365-11454","RB","Dexter","","McCluster","1.2166666984558105","6","4500","SD@CLE","SD","CLE","O","Forearm","",""
"17365-40126","TE","Austin","","Hooper","4.9636362249201","11","4500","ATL@CAR","ATL","CAR","Q","Knee","",""
"17365-11457","WR","Arrelious","","Benn","2.2333333757188587","9","4500","TEN@JAC","JAC","TEN","","","",""
"17365-62668","TE","John","","Peters","0","0","4500","CIN@HOU","CIN","HOU","","","",""
"17365-57556","TE","Jerome","","Cunningham","1.6499999364217121","6","4500","TEN@JAC","TEN","JAC","","","",""
"17365-25813","WR","Phillip","","Dorsett","5.646153963529146","13","4500","IND@OAK","IND","OAK","","","",""
"17365-62680","WR","Donteea","","Dye","2.470000076293945","10","4500","TB@NO","TB","NO","","","",""
"17365-28890","RB","Derek","","Watt","1.7200000762939453","5","4500","SD@CLE","SD","CLE","","","",""
"17365-11488","TE","Ed","","Dickson","2.3444444868299694","9","4500","ATL@CAR","CAR","ATL","","","",""
"17365-9442","WR","Brandon","","Tate","1.5769230769230768","13","4500","MIA@BUF","BUF","MIA","","","",""
"17365-61666","WR","Jared","","Dangerfield","0","0","4500","TB@NO","NO","TB","","","",""
"17365-25827","TE","Asante","","Cleveland","0.6000000238418579","1","4500","SD@CLE","SD","CLE","","","",""
"17365-28907","WR","Alex","","Erickson","0.6500000272478376","14","4500","CIN@HOU","CIN","HOU","","","",""
"17365-22767","WR","Brian","","Tyms","0","0","4500","IND@OAK","IND","OAK","","","",""
"17365-24817","TE","Nick","","O'Leary","1.7899999618530273","10","4500","MIA@BUF","BUF","MIA","","","",""
"17365-39153","TE","Ifeanyi","","Momah","2","3","4500","ARI@SEA","ARI","SEA","IR","Wrist","",""
"17365-22774","RB","Jonas","","Gray","4.100000108991351","7","4500","TEN@JAC","JAC","TEN","","","",""
"17365-11511","TE","Tony","","Moeaki","4.433333396911621","3","4500","WAS@CHI","CHI","WAS","","","",""
"17365-43260","TE","Darion","","Griswold","0","0","4500","IND@OAK","IND","OAK","","","",""
"17365-62718","TE","Daniel","","Brown","5.175000190734863","4","4500","WAS@CHI","CHI","WAS","","","",""
"17365-32000","TE","Luke","","Willson","2.4777776930067272","9","4500","ARI@SEA","SEA","ARI","","","",""
"17365-11522","WR","Marcus","","Easley","4.100000063578288","3","4500","MIA@BUF","BUF","MIA","NA","Kneecap","",""
"17365-28930","RB","James","","White","8.185714176722935","14","4500","NYJ@NE","NE","NYJ","","","",""
"17365-34051","WR","Deshon","","Foxx","0","0","4500","ARI@SEA","SEA","ARI","","","",""
"17365-28933","WR","Jared","","Abbrederis","0.6499999761581421","2","4500","MIN@GB","GB","MIN","","","",""
"17365-12556","D","Houston","","Texans","5.714285714285714","14","4500","CIN@HOU","HOU","CIN","","","",""
"17365-30989","RB","Kenyan","","Drake","2.9454546841708096","11","4500","MIA@BUF","MIA","BUF","","","",""
"17365-33037","WR","Kenbrell","","Thompkins","4.166666666666667","6","4500","NYJ@NE","NYJ","NE","","","",""
"17365-30990","RB","Jalston","","Fowler","0.7333333492279053","3","4500","TEN@JAC","TEN","JAC","","","",""
"17365-6422","TE","Gary","","Barnidge","5.964285714285714","14","4500","SD@CLE","CLE","SD","","","",""
"17365-34073","TE","Ryan","","Griffin","5.514285496303013","14","4500","CIN@HOU","HOU","CIN","","","",""
"17365-6427","K","Connor","","Barth","5.928571428571429","14","4500","WAS@CHI","CHI","WAS","","","",""
"17365-24862","WR","Rashad","","Greene Sr.","0.4625000059604645","8","4500","TEN@JAC","JAC","TEN","IR","Achilles","",""
"17365-25886","WR","Devin","","Street","1.25","2","4500","IND@OAK","IND","OAK","","","",""
"17365-45343","WR","Daniel","","Braverman","0","2","4500","WAS@CHI","CHI","WAS","","","",""
"17365-11556","TE","Michael","","Hoomanawanui","2.910000038146973","10","4500","TB@NO","NO","TB","IR","Lower leg","",""
"17365-29991","RB","Bishop","","Sankey","4.183333396911621","12","4500","MIN@GB","MIN","GB","","","",""
"17365-31015","WR","DeAndrew","","White","1.399999976158142","2","4500","NYJ@NE","NE","NYJ","","","",""
"17365-32045","TE","Vance","","McDonald","7.509999847412109","10","4500","SF@LA","SF","LA","IR","Shoulder","",""
"17365-24882","K","Roberto","","Aguayo","6.5","14","4500","TB@NO","TB","NO","","","",""
"17365-14643","RB","DuJuan","","Harris","5.25","6","4500","SF@LA","SF","LA","","","",""
"17365-30012","WR","Kevin","","Smith","1.933333396911621","3","4500","ARI@SEA","SEA","ARI","","","",""
"17365-22849","TE","Cory","","Harkey","0.8499999841054281","6","4500","SF@LA","LA","SF","IR","Triceps","",""
"17365-27974","WR","Tevaun","","Smith","0","0","4500","IND@OAK","IND","OAK","","","",""
"17365-60745","K","Jason","","Myers","7.5","14","4500","TEN@JAC","JAC","TEN","","","",""
"17365-29003","RB","Ka'Deem","","Carey","1.8727273074063388","11","4500","WAS@CHI","CHI","WAS","","","",""
"17365-6488","WR","Dwayne","","Bowe","1.1142857415335518","7","4500","SD@CLE","CLE","SD","","","",""
"17365-14683","RB","Patrick","","DiMarco","1.7000000476837158","8","4500","ATL@CAR","ATL","CAR","","","",""
"17365-54621","WR","Walt","","Powell","3.028571537562779","7","4500","MIA@BUF","BUF","MIA","IR","Ankle","",""
"17365-54623","WR","Jeff","","Janis","2.6636362942782314","11","4500","MIN@GB","GB","MIN","","","",""
"17365-48482","TE","David","","Morgan","0","1","4500","MIN@GB","MIN","GB","","","",""
"17365-22898","RB","Brandon","","Bolden","0.9666666984558105","3","4500","NYJ@NE","NE","NYJ","","","",""
"17365-11635","WR","Marc","","Mariani","0","14","4500","TEN@JAC","TEN","JAC","","","",""
"17365-28021","RB","Sione","","Houma","0","0","4500","TB@NO","NO","TB","","","",""
"17365-54651","RB","Dominique","","Williams","0","0","4500","NYJ@NE","NYJ","NE","","","",""
"17365-37245","RB","Fozzy","","Whittaker","3.8846153846153846","13","4500","ATL@CAR","CAR","ATL","","","",""
"17365-38269","RB","Cameron","","Artis-Payne","9.333333333333334","3","4500","ATL@CAR","CAR","ATL","NA","Coach's decision","",""
"17365-11648","TE","Jim","","Dray","1.0111111534966363","9","4500","MIA@BUF","BUF","MIA","","","",""
"17365-54659","WR","Tony","","Washington","0.800000011920929","1","4500","TEN@JAC","JAC","TEN","","","",""
"17365-22920","TE","Derek","","Carrier","1","2","4500","WAS@CHI","WAS","CHI","","","",""
"17365-27020","RB","Glenn","","Gronkowski","0","0","4500","NYJ@NE","NE","NYJ","","","",""
"17365-55694","WR","Mike","","Thomas","0.20000000794728598","6","4500","SF@LA","LA","SF","","","",""
"17365-22938","WR","Rod","","Streater","2.1636362942782314","11","4500","SF@LA","SF","LA","","","",""
"17365-41370","WR","Trevor","","Davis","0.987500011920929","8","4500","MIN@GB","GB","MIN","","","",""
"17365-29084","WR","Rashad","","Ross","0.6499999761581421","2","4500","WAS@CHI","WAS","CHI","NA","Coach's decision","",""
"17365-38301","TE","Darren","","Fells","2.2750000953674316","8","4500","ARI@SEA","ARI","SEA","","","",""
"17365-45472","TE","Garrett","","Griffin","0","0","4500","TB@NO","NO","TB","","","",""
"17365-54690","WR","Freddie","","Martino","3.7999998728434243","6","4500","TB@NO","TB","NO","","","",""
"17365-6566","RB","Chris","","Johnson","3.875","4","4500","ARI@SEA","ARI","SEA","IR","Groin","",""
"17365-54694","TE","Justin","","Perillo","1.375","4","4500","WAS@CHI","CHI","WAS","","","",""
"17365-14761","WR","Andre","","Holmes","2.2333332697550454","12","4500","IND@OAK","OAK","IND","","","",""
"17365-22959","WR","Deonte","","Thompson","2.6923076923076925","13","4500","WAS@CHI","CHI","WAS","","","",""
"17365-34224","TE","Kennard","","Backman","0","7","4500","NYJ@NE","NE","NYJ","","","",""
"17365-26038","TE","Tyler","","Kroft","2.366666634877523","6","4500","CIN@HOU","CIN","HOU","","","",""
"17365-28088","RB","Denard","","Robinson","3.279999923706055","5","4500","TEN@JAC","JAC","TEN","Q","Ankle","",""
"17365-32185","RB","Zach","","Line","0.25","6","4500","MIN@GB","MIN","GB","Q","Concussion","",""
"17365-26045","WR","Leonte","","Carroo","2.0799999237060547","5","4500","MIA@BUF","MIA","BUF","","","",""
"17365-33218","TE","Bryce","","Williams","0","0","4500","SF@LA","LA","SF","","","",""
"17365-21957","WR","Kendall","","Wright","7.25","10","4500","TEN@JAC","TEN","JAC","","","",""
"17365-10695","RB","Darrel","","Young","0.6888888676961263","9","4500","WAS@CHI","CHI","WAS","","","",""
"17365-39373","WR","Jaelen","","Strong","3.3500000635782876","6","4500","CIN@HOU","HOU","CIN","IR","Ankle","",""
"17365-22991","RB","Jonathan","","Grimes","2.7857142857142856","7","4500","CIN@HOU","HOU","CIN","","","",""
"17365-31184","RB","Jonathan","","Williams","1.8285714558192662","7","4500","MIA@BUF","BUF","MIA","","","",""
"17365-21972","WR","Brian","","Quick","6.600000108991351","14","4500","SF@LA","LA","SF","","","",""
"17365-54742","TE","Scott","","Simonson","1.5","1","4500","ATL@CAR","CAR","ATL","","","",""
"17365-31191","WR","Mekale","","McKay","0","0","4500","TEN@JAC","JAC","TEN","","","",""
"17365-23003","TE","Phillip","","Supernaw","2.049999952316284","4","4500","TEN@JAC","TEN","JAC","","","",""
"17365-25052","RB","Zach","","Laskey","0","0","4500","SF@LA","LA","SF","IR","Undisclosed","",""
"17365-26076","RB","Sam","","Bergen","0","0","4500","TEN@JAC","TEN","JAC","","","",""
"17365-6622","WR","Eric","","Weems","0","13","4500","ATL@CAR","ATL","CAR","","","",""
"17365-15838","TE","Erik","","Swoope","5.071428571428571","7","4500","IND@OAK","IND","OAK","","","",""
"17365-21984","RB","Isaiah","","Pead","1.649999976158142","2","4500","MIA@BUF","MIA","BUF","","","",""
"17365-28131","WR","Keith","","Mumphery","2.133333365122477","3","4500","CIN@HOU","HOU","CIN","","","",""
"17365-31207","TE","C.J.","","Uzomah","4.633333206176758","6","4500","CIN@HOU","CIN","HOU","Q","Calf","",""
"17365-32234","RB","Malcolm","","Brown","1.1166666348775227","6","4500","SF@LA","LA","SF","","","",""
"17365-23023","TE","Cooper","","Helfet","2.7857142857142856","7","4500","IND@OAK","OAK","IND","","","",""
"17365-34288","WR","Rannell","","Hall","0","1","4500","SD@CLE","CLE","SD","IR","Leg","",""
"17365-43504","RB","Don","","Jackson","1.0666666825612385","3","4500","MIN@GB","GB","MIN","IR","Knee","",""
"17365-6642","K","Nick","","Folk","6.928571428571429","14","4500","NYJ@NE","NYJ","NE","","","",""
"17365-6643","RB","Reggie","","Bush","2.3333333333333335","9","4500","MIA@BUF","BUF","MIA","","","",""
"17365-22003","RB","Ronnie","","Hillman","2.449999968210856","6","4500","SD@CLE","SD","CLE","","","",""
"17365-14837","WR","Jeremy","","Ross","0","4","4500","ARI@SEA","ARI","SEA","","","",""
"17365-11766","TE","Jeff","","Cumberland","1.4571428298950195","7","4500","SD@CLE","SD","CLE","IR","Achilles","",""
"17365-45562","RB","Paul","","Lasike","0.3200000047683716","5","4500","WAS@CHI","CHI","WAS","","","",""
"17365-6653","RB","Jerome","","Felton","0.75","10","4500","MIA@BUF","BUF","MIA","","","",""
"17365-29183","RB","D.J.","","Foster","1.0333333015441894","3","4500","NYJ@NE","NE","NYJ","","","",""
"17365-39427","WR","Quinton","","Patton","4.561538402850811","13","4500","SF@LA","SF","LA","O","Foot","",""
"17365-6660","RB","Donald","","Brown","6.950000127156575","6","4500","NYJ@NE","NE","NYJ","","","",""
"17365-23046","RB","Jamize","","Olawale","4.158333460489909","12","4500","IND@OAK","OAK","IND","","","",""
"17365-6664","TE","Jacob","","Tamme","6.25","8","4500","ATL@CAR","ATL","CAR","IR","Shoulder","",""
"17365-22029","RB","Bernard","","Pierce","0.824999988079071","4","4500","NYJ@NE","NYJ","NE","","","",""
"17365-23055","TE","Brandon","","Bostick","1.3000000544956751","7","4500","NYJ@NE","NYJ","NE","","","",""
"17365-6672","TE","Marcedes","","Lewis","3.290000152587891","10","4500","TEN@JAC","JAC","TEN","IR","Calf","",""
"17365-29201","WR","Maurice","","Harris","1.7200000762939453","5","4500","WAS@CHI","WAS","CHI","","","",""
"17365-30228","WR","Tyler","","Murphy","2.0999999046325683","1","4500","MIA@BUF","MIA","BUF","","","",""
"17365-39449","WR","Charles","","Johnson","2.4583333333333335","12","4500","MIN@GB","MIN","GB","","","",""
"17365-7706","TE","Chase","","Coffman","8.550000190734863","2","4500","IND@OAK","IND","OAK","","","",""
"17365-31261","RB","Tre","","Mason","3.269230769230769","13","4500","SF@LA","LA","SF","O","Personal","",""
"17365-31263","WR","Ricardo","","Louis","2.390909021550959","11","4500","SD@CLE","CLE","SD","","","",""
"17365-39455","RB","Kerwynn","","Williams","7.849999904632568","2","4500","ARI@SEA","ARI","SEA","","","",""
"17365-30244","RB","Matt","","Jones","10.185714721679687","7","4500","WAS@CHI","WAS","CHI","NA","Coach's decision","",""
"17365-31269","RB","Corey","","Grant","1.3571428571428572","7","4500","TEN@JAC","JAC","TEN","","","",""
"17365-7718","RB","Cedric","","Peerman","0","4","4500","CIN@HOU","CIN","HOU","","","",""
"17365-22054","WR","Jarius","","Wright","2.433333396911621","3","4500","MIN@GB","MIN","GB","","","",""
"17365-6702","K","Phil","","Dawson","6.5","14","4500","SF@LA","SF","LA","","","",""
"17365-22063","WR","Keshawn","","Martin","-2","1","4500","SF@LA","SF","LA","","","",""
"17365-25135","WR","Marcus","","Leak","0","0","4500","IND@OAK","IND","OAK","","","",""
"17365-31280","K","Cody","","Parkey","6.166666666666667","12","4500","SD@CLE","CLE","SD","","","",""
"17365-22065","TE","Rhett","","Ellison","2.0374999046325683","8","4500","MIN@GB","MIN","GB","","","",""
"17365-29237","WR","Chris","","Harper","2.5333333015441894","6","4500","SF@LA","SF","LA","","","",""
"17365-27199","RB","Marcus","","Murphy","0.4000000059604645","2","4500","TB@NO","NO","TB","","","",""
"17365-28226","WR","Aaron","","Burbridge","0.8166666825612386","6","4500","SF@LA","SF","LA","","","",""
"17365-39492","TE","Josh","","Hill","3.549999952316284","8","4500","TB@NO","NO","TB","IR","Leg","",""
"17365-72262","TE","Nick","","Truesdell","0","0","4500","IND@OAK","IND","OAK","","","",""
"17365-12872","RB","James","","Develin","0.4666666587193807","6","4500","NYJ@NE","NE","NYJ","","","",""
"17365-31308","WR","Quan","","Bray","0.9666666984558105","6","4500","IND@OAK","IND","OAK","IR","Ankle","",""
"17365-22100","K","Randy","","Bullock","7","3","4500","CIN@HOU","CIN","HOU","","","",""
"17365-28246","WR","Isaac","","Fruechte","0","0","4500","MIN@GB","MIN","GB","","","",""
"17365-39512","RB","Kendall","","Gaskins","3.674999952316284","4","4500","SF@LA","SF","LA","","","",""
"17365-18009","TE","Chris","","Manhertz","0","0","4500","ATL@CAR","CAR","ATL","NA","Coach's decision","",""
"17365-28249","RB","David","","Cobb","2.9857142312186107","7","4500","WAS@CHI","CHI","WAS","","","",""
"17365-31321","RB","Jay","","Prosch","0.375","4","4500","CIN@HOU","HOU","CIN","","","",""
"17365-29277","TE","Stephen","","Anderson","2.5999999046325683","8","4500","CIN@HOU","HOU","CIN","","","",""
"17365-31329","WR","Russell","","Shepard","4.7","10","4500","TB@NO","TB","NO","","","",""
"17365-30307","RB","Mack","","Brown","0","0","4500","WAS@CHI","WAS","CHI","","","",""
"17365-22116","RB","Cyrus","","Gray","0","0","4500","ATL@CAR","ATL","CAR","","","",""
"17365-12903","WR","Andrew","","Hawkins","4.350000108991351","14","4500","SD@CLE","CLE","SD","","","",""
"17365-6767","K","Ryan","","Succop","7.642857142857143","14","4500","TEN@JAC","TEN","JAC","","","",""
"17365-11890","WR","Bryan","","Walters","3.671428680419922","7","4500","TEN@JAC","JAC","TEN","","","",""
"17365-38514","WR","Kevin","","White","7.275000095367432","4","4500","WAS@CHI","CHI","WAS","IR","Lower leg","",""
"17365-30326","RB","Keith","","Marshall","0","0","4500","WAS@CHI","WAS","CHI","IR","Elbow","",""
"17365-29304","RB","Daniel","","Lasco","1.7666667302449543","3","4500","TB@NO","NO","TB","Q","Hamstring","",""
"17365-7801","TE","Brandon","","Myers","2.0428571701049804","7","4500","TB@NO","TB","NO","","","",""
"17365-6778","TE","Anthony","","Fasano","2.5111111534966364","9","4500","TEN@JAC","TEN","JAC","","","",""
"17365-33403","WR","Tevin","","Jones","0","0","4500","CIN@HOU","HOU","CIN","","","",""
"17365-29314","TE","Richard","","Rodgers","3.323076981764573","13","4500","MIN@GB","GB","MIN","","","",""
"17365-33418","TE","Alan","","Cross","1.6857143129621232","7","4500","TB@NO","TB","NO","","","",""
"17365-29327","WR","Bralon","","Addison","0","0","4500","WAS@CHI","CHI","WAS","","","",""
"17365-33424","WR","Mose","","Frazier","0","0","4500","SF@LA","SF","LA","","","",""
"17365-28311","TE","MarQueis","","Gray","3.1285713740757534","7","4500","MIA@BUF","MIA","BUF","","","",""
"17365-32410","RB","Trey","","Williams","1.2000000476837158","1","4500","IND@OAK","IND","OAK","","","",""
"17365-29340","WR","Josh","","Huff","3.2666666242811413","9","4500","TB@NO","TB","NO","","","",""
"17365-15006","RB","Shaun","","Draughn","5","12","4500","SF@LA","SF","LA","","","",""
"17365-6823","TE","John","","Phillips","2.616666634877523","6","4500","TB@NO","NO","TB","","","",""
"17365-32429","K","Josh","","Lambo","7.928571428571429","14","4500","SD@CLE","SD","CLE","","","",""
"17365-46767","TE","Je'Ron","","Hamm","2.299999952316284","1","4500","SF@LA","SF","LA","","","",""
"17365-7856","WR","Matthew","","Slater","-0.375","4","4500","NYJ@NE","NE","NYJ","","","",""
"17365-22198","WR","Brittan","","Golden","1.625","8","4500","ARI@SEA","ARI","SEA","","","",""
"17365-31417","WR","James","","Wright","1.6888888676961262","9","4500","CIN@HOU","CIN","HOU","","","",""
"17365-70335","TE","Seth","","DeValve","3.2333332697550454","6","4500","SD@CLE","CLE","SD","","","",""
"17365-39615","TE","Brandon","","Williams","2.0999999046325683","1","4500","ARI@SEA","SEA","ARI","","","",""
"17365-33472","RB","C.J.","","Prosise","8.75","6","4500","ARI@SEA","SEA","ARI","O","Shoulder","",""
"17365-70342","TE","Temarrick","","Hemingway","0","0","4500","SF@LA","LA","SF","","","",""
"17365-27338","RB","Rex","","Burkhead","3.4777776930067272","9","4500","CIN@HOU","CIN","HOU","","","",""
"17365-22220","TE","Sean","","McGrath","1.1666666666666667","3","4500","SD@CLE","SD","CLE","","","",""
"17365-33488","TE","Troy","","Niklas","0.25","2","4500","ARI@SEA","ARI","SEA","IR","Wrist","",""
"17365-47828","RB","Antonio","","Andrews","0.5","3","4500","TEN@JAC","TEN","JAC","","","",""
"17365-45791","WR","Rashard","","Higgins","1.337499976158142","8","4500","SD@CLE","CLE","SD","","","",""
"17365-39649","RB","Benny","","Cunningham","2.472727342085405","11","4500","SF@LA","LA","SF","IR","Neck","",""
"17365-32483","WR","Josh","","Boyce","0","0","4500","SD@CLE","CLE","SD","","","",""
"17365-22244","TE","Beau","","Brinkley","0","16","4500","TEN@JAC","TEN","JAC","","","",""
"17365-70373","TE","Mike","","Miller","0","0","4500","IND@OAK","IND","OAK","","","",""
"17365-70372","WR","Chester","","Rogers","2.300000031789144","12","4500","IND@OAK","IND","OAK","","","",""
"17365-44784","RB","Darius","","Jackson","0","0","4500","SD@CLE","CLE","SD","","","",""
"17365-45809","TE","Kivon","","Cartwright","0","0","4500","TB@NO","TB","NO","","","",""
"17365-22258","RB","Travaris","","Cadet","4.674999872843425","12","4500","TB@NO","NO","TB","","","",""
"17365-44791","RB","Bronson","","Hill","0","0","4500","TEN@JAC","JAC","TEN","","","",""
"17365-28408","WR","Kyle","","Prater","0","0","4500","TB@NO","NO","TB","","","",""
"17365-33531","TE","Ben","","Koyack","2.7714285169328962","7","4500","TEN@JAC","JAC","TEN","","","",""
"17365-38651","TE","Beau","","Sandland","0","0","4500","MIN@GB","GB","MIN","","","",""
"17365-45821","WR","Isaiah","","Burse","0","6","4500","SD@CLE","SD","CLE","","","",""
"17365-39678","TE","E.J.","","Bibbs","0.6000000238418579","2","4500","TEN@JAC","JAC","TEN","","","",""
"17365-47870","TE","Tyler","","Higbee","1.25","10","4500","SF@LA","LA","SF","","","",""
"17365-27403","TE","Blake","","Bell","1.75","6","4500","SF@LA","SF","LA","IR","Shoulder","",""
"17365-25356","TE","Benson","","Browne","0","0","4500","SF@LA","LA","SF","","","",""
"17365-7953","WR","Vincent","","Jackson","4.959999847412109","5","4500","TB@NO","TB","NO","IR","Knee","",""
"17365-27411","RB","Aaron","","Ripkowski","3.0555555555555553","9","4500","MIN@GB","GB","MIN","","","",""
"17365-28437","TE","Danny","","Vitale","0.7666666507720947","3","4500","SD@CLE","CLE","SD","","","",""
"17365-12055","TE","Logan","","Paulsen","0.42857142857142854","7","4500","WAS@CHI","CHI","WAS","","","",""
"17365-33571","RB","George","","Atkinson III","0","7","4500","SD@CLE","CLE","SD","","","",""
"17365-31524","WR","Cody","","Core","2.5999999046325683","4","4500","CIN@HOU","CIN","HOU","","","",""
"17365-29477","TE","Connor","","Hamlett","8.199999809265136","1","4500","SD@CLE","CLE","SD","","","",""
"17365-7975","RB","Mike","","Tolbert","1.275000015894572","12","4500","ATL@CAR","CAR","ATL","","","",""
"17365-32551","WR","Kolby","","Listenbee","0","0","4500","MIA@BUF","BUF","MIA","O","Pelvis","",""
"17365-22317","WR","Brenton","","Bersin","1.2000000476837158","1","4500","ATL@CAR","CAR","ATL","","","",""
"17365-70444","WR","Paul","","McRoberts","0","0","4500","SF@LA","LA","SF","","","",""
"17365-10030","WR","Harry","","Douglas","3.5333334604899087","6","4500","TEN@JAC","TEN","JAC","","","",""
"17365-27441","RB","Damien","","Williams","5.653846153846154","13","4500","MIA@BUF","MIA","BUF","","","",""
"17365-43826","WR","Tommylee","","Lewis","1.2199999809265136","10","4500","TB@NO","NO","TB","","","",""
"17365-32564","WR","Josh","","Doctson","3.799999952316284","2","4500","WAS@CHI","WAS","CHI","IR","Achilles","",""
"17365-28486","WR","Corey","","Brown","2.941666603088379","12","4500","ATL@CAR","CAR","ATL","","","",""
"17365-15176","K","Kai","","Forbath","9.4","5","4500","MIN@GB","MIN","GB","","","",""
"17365-15178","RB","Chase","","Reynolds","0","1","4500","SF@LA","LA","SF","","","",""
"17365-41806","WR","Laquon","","Treadwell","0.5","4","4500","MIN@GB","MIN","GB","Q","Ankle","",""
"17365-28502","WR","Devin","","Smith","2.857142857142857","7","4500","NYJ@NE","NYJ","NE","","","",""
"17365-70489","TE","Ben","","Braunecker","1.600000023841858","2","4500","WAS@CHI","CHI","WAS","","","",""
"17365-7001","TE","Kellen","","Davis","0","1","4500","NYJ@NE","NYJ","NE","IR","Elbow","",""
"17365-29540","RB","Terron","","Ward","3.3400001525878906","5","4500","ATL@CAR","ATL","CAR","","","",""
"17365-70501","RB","C.J.","","Ham","0","0","4500","MIN@GB","MIN","GB","","","",""
"17365-32613","RB","DeAndre","","Washington","4.1636362942782314","11","4500","IND@OAK","OAK","IND","","","",""
"17365-70506","TE","Ryan","","O'Malley","0","0","4500","IND@OAK","OAK","IND","","","",""
"17365-32632","WR","Bradley","","Marquez","0.7714285850524902","7","4500","SF@LA","LA","SF","Q","Knee","",""
"17365-30598","TE","Busta","","Anderson","0","0","4500","WAS@CHI","CHI","WAS","","","",""
"17365-38790","WR","Jalin","","Marshall","2.388888888888889","9","4500","NYJ@NE","NYJ","NE","","","",""
"17365-23435","TE","Andrew","","DePaola","0","16","4500","TB@NO","TB","NO","","","",""
"17365-40843","RB","Alex","","Collins","2.471428462437221","7","4500","ARI@SEA","SEA","ARI","","","",""
"17365-29583","TE","Randall","","Telfer","0.3499999940395355","4","4500","SD@CLE","CLE","SD","","","",""
"17365-28562","TE","Jake","","Stoneburner","6.400000254313151","3","4500","TB@NO","NO","TB","","","",""
"17365-70553","WR","Kieran","","Duncan","0","0","4500","WAS@CHI","CHI","WAS","","","",""
"17365-40857","RB","Peyton","","Barber","3.9625000953674316","8","4500","TB@NO","TB","NO","","","",""
"17365-28570","TE","Nick","","Vannett","1.566666603088379","3","4500","ARI@SEA","SEA","ARI","","","",""
"17365-70557","WR","Jake","","Lampman","0","0","4500","TB@NO","NO","TB","","","",""
"17365-22433","TE","Dominique","","Jones","3.1200000762939455","5","4500","MIA@BUF","MIA","BUF","","","",""
"17365-32674","TE","Jace","","Amaro","7.400000095367432","1","4500","TEN@JAC","TEN","JAC","","","",""
"17365-33703","WR","Ryan","","Grant","0.8100000381469726","10","4500","WAS@CHI","WAS","CHI","","","",""
"17365-30635","RB","Mike","","Davis","1.8571428571428572","7","4500","SF@LA","SF","LA","","","",""
"17365-22447","WR","Griff","","Whalen","0.800000011920929","4","4500","NYJ@NE","NE","NYJ","","","",""
"17365-46001","RB","Joey","","Iosefa","2.549999952316284","2","4500","NYJ@NE","NE","NYJ","","","",""
"17365-39859","TE","Jack","","Doyle","7.2000002179827005","14","4500","IND@OAK","IND","OAK","","","",""
"17365-8117","WR","Danny","","Amendola","4.816666603088379","12","4500","NYJ@NE","NE","NYJ","Q","Ankle","",""
"17365-29624","RB","Tre","","Madden","0","0","4500","ARI@SEA","SEA","ARI","IR","Undisclosed","",""
"17365-29625","RB","George","","Farmer","0.5","2","4500","ARI@SEA","SEA","ARI","","","",""
"17365-43961","RB","Tyler","","Ervin","-0.04000000059604645","10","4500","CIN@HOU","HOU","CIN","","","",""
"17365-14266","RB","Daniel","","Thomas","0","0","4500","MIA@BUF","MIA","BUF","","","",""
"17365-14268","RB","Stevan","","Ridley","0.699999988079071","1","4500","ATL@CAR","ATL","CAR","","","",""
"17365-30652","WR","Tanner","","McEvoy","4.231428691319057","7","4500","ARI@SEA","SEA","ARI","","","",""
"17365-32703","WR","Jakeem","","Grant","0.36363636363636364","11","4500","MIA@BUF","MIA","BUF","","","",""
"17365-14274","TE","Rob","","Housler","1.0600000381469727","5","4500","WAS@CHI","CHI","WAS","","","",""
"17365-41922","WR","Johnny","","Holton","1.7399999618530273","5","4500","IND@OAK","OAK","IND","","","",""
"17365-14277","WR","Vincent","","Brown","2.700000047683716","1","4500","TB@NO","NO","TB","","","",""
"17365-30667","TE","Justice","","Cunningham","0","2","4500","SF@LA","LA","SF","","","",""
"17365-14288","WR","Torrey","","Smith","4.558333396911621","12","4500","SF@LA","SF","LA","Q","Concussion","",""
"17365-40913","TE","Thomas","","Duarte","0","0","4500","MIA@BUF","MIA","BUF","","","",""
"17365-14292","TE","Jordan","","Cameron","5.333333333333333","3","4500","MIA@BUF","MIA","BUF","IR","Concussion","",""
"17365-30678","WR","Damiere","","Byrd","0","0","4500","ATL@CAR","CAR","ATL","","","",""
"17365-29655","RB","Soma","","Vainuku","0","0","4500","CIN@HOU","HOU","CIN","","","",""
"17365-31703","RB","Malcolm","","Johnson","1.0199999809265136","5","4500","ARI@SEA","SEA","ARI","","","",""
"17365-14297","WR","Greg","","Salas","8.449999809265136","2","4500","MIA@BUF","BUF","MIA","","","",""
"17365-30684","RB","Brandon","","Wilds","0.4000000059604645","1","4500","NYJ@NE","NYJ","NE","","","",""
"17365-14304","TE","Luke","","Stocker","1.0499999523162841","4","4500","TB@NO","TB","NO","","","",""
"17365-14305","RB","Roy","","Helu Jr.","2.737499952316284","8","4500","IND@OAK","OAK","IND","","","",""
"17365-14307","WR","Cecil","","Shorts III","2.9571429661342074","7","4500","TB@NO","TB","NO","IR","Knee","",""
"17365-40932","WR","Pharoh","","Cooper","1.7142857142857142","7","4500","SF@LA","LA","SF","","","",""
"17365-72676","RB","Troymaine","","Pope","1.350000023841858","4","4500","ARI@SEA","SEA","ARI","IR","Ankle","",""
"17365-26598","WR","Nelson","","Spruce","0","0","4500","SF@LA","LA","SF","IR","Calf","",""
"17365-29672","RB","Silas","","Redd Jr.","0","0","4500","WAS@CHI","WAS","CHI","O","Suspension","",""
"17365-14319","RB","Taiwan","","Jones","0.7857142857142857","7","4500","IND@OAK","OAK","IND","","","",""
"17365-26610","WR","Paul","","Richardson","2.7100000381469726","10","4500","ARI@SEA","SEA","ARI","","","",""
"17365-12527","D","Chicago","","Bears","6.5","14","4400","WAS@CHI","CHI","WAS","","","",""
"17365-12539","D","Miami","","Dolphins","8.785714285714286","14","4400","MIA@BUF","MIA","BUF","","","",""
"17365-12525","D","Atlanta","","Falcons","7.357142857142857","14","4300","ATL@CAR","ATL","CAR","","","",""
"17365-12540","D","Minnesota","","Vikings","9.785714285714286","14","4300","MIN@GB","MIN","GB","","","",""
"17365-12551","D","Tampa Bay","","Buccaneers","8.285714285714286","14","4300","TB@NO","TB","NO","","","",""
"17365-12546","D","Arizona","","Cardinals","8.142857142857142","14","4200","ARI@SEA","ARI","SEA","","","",""
"17365-12535","D","Indianapolis","","Colts","5.714285714285714","14","4100","IND@OAK","IND","OAK","","","",""
"17365-12542","D","New Orleans","","Saints","3.9285714285714284","14","4100","TB@NO","NO","TB","","","",""
"17365-12553","D","Carolina","","Panthers","7.846153846153846","13","4100","ATL@CAR","CAR","ATL","","","",""
"17365-12529","D","Cleveland","","Browns","2.7857142857142856","14","4000","SD@CLE","CLE","SD","","","",""
"17365-12554","D","Jacksonville","","Jaguars","3.642857142857143","14","4000","TEN@JAC","JAC","TEN","","","",""
"17365-12544","D","New York","","Jets","3.5714285714285716","14","3000","NYJ@NE","NYJ","NE","","","",""